{
  "storage": {
    "rules": "./config/storage.rules"
  },
  "firestore": {
    "rules": "./config/firestore.rules",
    "indexes": "./config/firestore.json"
  },
  "functions": {
    "source": ".",
    "codebase": "mobile-app",
    "ignore": ["node_modules", ".git", "firebase-debug.log", "firebase-debug.*.log"],
    "predeploy": ["npm run lint", "npm run build"]
  },
  "hosting": {
    "public": "public",
    "rewrites": [
      {
        "source": "/auth/**",
        "function": "auth"
      },
      {
        "source": "/demo/**",
        "function": "demo"
      }
    ]
  },
  "emulators": {
    "auth": {
      "port": 9099
    },
    "functions": {
      "port": 5001
    },
    "firestore": {
      "port": 8080
    },
    "storage": {
      "port": 9199
    },
    "ui": {
      "enabled": true
    },
    "singleProjectMode": true
  }
}
